-- Chunk 2 of 4
BEGIN;

INSERT INTO agent_intentions (agent_id, intention) VALUES ('e18f66d5-ef52-4a6e-aea6-7e693148552b', 'Process tasks in priority order');

INSERT INTO agent_intentions (agent_id, intention) VALUES ('e18f66d5-ef52-4a6e-aea6-7e693148552b', 'Validate outputs before submission');

INSERT INTO agent_intentions (agent_id, intention) VALUES ('e18f66d5-ef52-4a6e-aea6-7e693148552b', 'Learn from task patterns for improvement');

INSERT INTO agent_beliefs (agent_id, belief) VALUES ('4f93b651-6a2f-440a-a81a-43a3d8083cbe', 'My current task queue reflects priority order');

INSERT INTO agent_beliefs (agent_id, belief) VALUES ('4f93b651-6a2f-440a-a81a-43a3d8083cbe', 'Quality outputs require proper validation');

INSERT INTO agent_beliefs (agent_id, belief) VALUES ('4f93b651-6a2f-440a-a81a-43a3d8083cbe', 'Efficient execution benefits the entire system');

INSERT INTO agent_desires (agent_id, desire) VALUES ('4f93b651-6a2f-440a-a81a-43a3d8083cbe', 'Complete assigned tasks with high quality');

INSERT INTO agent_desires (agent_id, desire) VALUES ('4f93b651-6a2f-440a-a81a-43a3d8083cbe', 'Optimize task execution time');

INSERT INTO agent_desires (agent_id, desire) VALUES ('4f93b651-6a2f-440a-a81a-43a3d8083cbe', 'Contribute to departmental goals');

INSERT INTO agent_intentions (agent_id, intention) VALUES ('4f93b651-6a2f-440a-a81a-43a3d8083cbe', 'Process tasks in priority order');

INSERT INTO agent_intentions (agent_id, intention) VALUES ('4f93b651-6a2f-440a-a81a-43a3d8083cbe', 'Validate outputs before submission');

INSERT INTO agent_intentions (agent_id, intention) VALUES ('4f93b651-6a2f-440a-a81a-43a3d8083cbe', 'Learn from task patterns for improvement');

INSERT INTO agent_beliefs (agent_id, belief) VALUES ('6525191e-7652-415c-a5f2-5ff7a9fe5f22', 'My current task queue reflects priority order');

INSERT INTO agent_beliefs (agent_id, belief) VALUES ('6525191e-7652-415c-a5f2-5ff7a9fe5f22', 'Quality outputs require proper validation');

INSERT INTO agent_beliefs (agent_id, belief) VALUES ('6525191e-7652-415c-a5f2-5ff7a9fe5f22', 'Efficient execution benefits the entire system');

INSERT INTO agent_desires (agent_id, desire) VALUES ('6525191e-7652-415c-a5f2-5ff7a9fe5f22', 'Complete assigned tasks with high quality');

INSERT INTO agent_desires (agent_id, desire) VALUES ('6525191e-7652-415c-a5f2-5ff7a9fe5f22', 'Optimize task execution time');

INSERT INTO agent_desires (agent_id, desire) VALUES ('6525191e-7652-415c-a5f2-5ff7a9fe5f22', 'Contribute to departmental goals');

INSERT INTO agent_intentions (agent_id, intention) VALUES ('6525191e-7652-415c-a5f2-5ff7a9fe5f22', 'Process tasks in priority order');

INSERT INTO agent_intentions (agent_id, intention) VALUES ('6525191e-7652-415c-a5f2-5ff7a9fe5f22', 'Validate outputs before submission');

INSERT INTO agent_intentions (agent_id, intention) VALUES ('6525191e-7652-415c-a5f2-5ff7a9fe5f22', 'Learn from task patterns for improvement');

INSERT INTO agent_beliefs (agent_id, belief) VALUES ('f53551f4-d825-40f0-bd3c-68686ec5e2ff', 'My current task queue reflects priority order');

INSERT INTO agent_beliefs (agent_id, belief) VALUES ('f53551f4-d825-40f0-bd3c-68686ec5e2ff', 'Quality outputs require proper validation');

INSERT INTO agent_beliefs (agent_id, belief) VALUES ('f53551f4-d825-40f0-bd3c-68686ec5e2ff', 'Efficient execution benefits the entire system');

INSERT INTO agent_desires (agent_id, desire) VALUES ('f53551f4-d825-40f0-bd3c-68686ec5e2ff', 'Complete assigned tasks with high quality');

INSERT INTO agent_desires (agent_id, desire) VALUES ('f53551f4-d825-40f0-bd3c-68686ec5e2ff', 'Optimize task execution time');

INSERT INTO agent_desires (agent_id, desire) VALUES ('f53551f4-d825-40f0-bd3c-68686ec5e2ff', 'Contribute to departmental goals');

INSERT INTO agent_intentions (agent_id, intention) VALUES ('f53551f4-d825-40f0-bd3c-68686ec5e2ff', 'Process tasks in priority order');

INSERT INTO agent_intentions (agent_id, intention) VALUES ('f53551f4-d825-40f0-bd3c-68686ec5e2ff', 'Validate outputs before submission');

INSERT INTO agent_intentions (agent_id, intention) VALUES ('f53551f4-d825-40f0-bd3c-68686ec5e2ff', 'Learn from task patterns for improvement');

INSERT INTO agent_beliefs (agent_id, belief) VALUES ('46240834-f320-42cd-8156-f2fa7ea7c990', 'My current task queue reflects priority order');

INSERT INTO agent_beliefs (agent_id, belief) VALUES ('46240834-f320-42cd-8156-f2fa7ea7c990', 'Quality outputs require proper validation');

INSERT INTO agent_beliefs (agent_id, belief) VALUES ('46240834-f320-42cd-8156-f2fa7ea7c990', 'Efficient execution benefits the entire system');

INSERT INTO agent_desires (agent_id, desire) VALUES ('46240834-f320-42cd-8156-f2fa7ea7c990', 'Complete assigned tasks with high quality');

INSERT INTO agent_desires (agent_id, desire) VALUES ('46240834-f320-42cd-8156-f2fa7ea7c990', 'Optimize task execution time');

INSERT INTO agent_desires (agent_id, desire) VALUES ('46240834-f320-42cd-8156-f2fa7ea7c990', 'Contribute to departmental goals');

INSERT INTO agent_intentions (agent_id, intention) VALUES ('46240834-f320-42cd-8156-f2fa7ea7c990', 'Process tasks in priority order');

INSERT INTO agent_intentions (agent_id, intention) VALUES ('46240834-f320-42cd-8156-f2fa7ea7c990', 'Validate outputs before submission');

INSERT INTO agent_intentions (agent_id, intention) VALUES ('46240834-f320-42cd-8156-f2fa7ea7c990', 'Learn from task patterns for improvement');

INSERT INTO agent_beliefs (agent_id, belief) VALUES ('4c5c5bc1-040d-4921-bab3-5403fe26c3e0', 'My current task queue reflects priority order');

INSERT INTO agent_beliefs (agent_id, belief) VALUES ('4c5c5bc1-040d-4921-bab3-5403fe26c3e0', 'Quality outputs require proper validation');

INSERT INTO agent_beliefs (agent_id, belief) VALUES ('4c5c5bc1-040d-4921-bab3-5403fe26c3e0', 'Efficient execution benefits the entire system');

INSERT INTO agent_desires (agent_id, desire) VALUES ('4c5c5bc1-040d-4921-bab3-5403fe26c3e0', 'Complete assigned tasks with high quality');

INSERT INTO agent_desires (agent_id, desire) VALUES ('4c5c5bc1-040d-4921-bab3-5403fe26c3e0', 'Optimize task execution time');

INSERT INTO agent_desires (agent_id, desire) VALUES ('4c5c5bc1-040d-4921-bab3-5403fe26c3e0', 'Contribute to departmental goals');

INSERT INTO agent_intentions (agent_id, intention) VALUES ('4c5c5bc1-040d-4921-bab3-5403fe26c3e0', 'Process tasks in priority order');

INSERT INTO agent_intentions (agent_id, intention) VALUES ('4c5c5bc1-040d-4921-bab3-5403fe26c3e0', 'Validate outputs before submission');

INSERT INTO agent_intentions (agent_id, intention) VALUES ('4c5c5bc1-040d-4921-bab3-5403fe26c3e0', 'Learn from task patterns for improvement');

INSERT INTO agent_beliefs (agent_id, belief) VALUES ('0588b12e-6f01-4d7d-895d-63d3910e8270', 'My current task queue reflects priority order');

INSERT INTO agent_beliefs (agent_id, belief) VALUES ('0588b12e-6f01-4d7d-895d-63d3910e8270', 'Quality outputs require proper validation');

INSERT INTO agent_beliefs (agent_id, belief) VALUES ('0588b12e-6f01-4d7d-895d-63d3910e8270', 'Efficient execution benefits the entire system');

INSERT INTO agent_desires (agent_id, desire) VALUES ('0588b12e-6f01-4d7d-895d-63d3910e8270', 'Complete assigned tasks with high quality');

INSERT INTO agent_desires (agent_id, desire) VALUES ('0588b12e-6f01-4d7d-895d-63d3910e8270', 'Optimize task execution time');

INSERT INTO agent_desires (agent_id, desire) VALUES ('0588b12e-6f01-4d7d-895d-63d3910e8270', 'Contribute to departmental goals');

INSERT INTO agent_intentions (agent_id, intention) VALUES ('0588b12e-6f01-4d7d-895d-63d3910e8270', 'Process tasks in priority order');

INSERT INTO agent_intentions (agent_id, intention) VALUES ('0588b12e-6f01-4d7d-895d-63d3910e8270', 'Validate outputs before submission');

INSERT INTO agent_intentions (agent_id, intention) VALUES ('0588b12e-6f01-4d7d-895d-63d3910e8270', 'Learn from task patterns for improvement');

INSERT INTO agent_beliefs (agent_id, belief) VALUES ('ab7bb3bc-8f4f-4df8-8d7f-7e9ac133c3a2', 'My current task queue reflects priority order');

INSERT INTO agent_beliefs (agent_id, belief) VALUES ('ab7bb3bc-8f4f-4df8-8d7f-7e9ac133c3a2', 'Quality outputs require proper validation');

INSERT INTO agent_beliefs (agent_id, belief) VALUES ('ab7bb3bc-8f4f-4df8-8d7f-7e9ac133c3a2', 'Efficient execution benefits the entire system');

INSERT INTO agent_desires (agent_id, desire) VALUES ('ab7bb3bc-8f4f-4df8-8d7f-7e9ac133c3a2', 'Complete assigned tasks with high quality');

INSERT INTO agent_desires (agent_id, desire) VALUES ('ab7bb3bc-8f4f-4df8-8d7f-7e9ac133c3a2', 'Optimize task execution time');

INSERT INTO agent_desires (agent_id, desire) VALUES ('ab7bb3bc-8f4f-4df8-8d7f-7e9ac133c3a2', 'Contribute to departmental goals');

INSERT INTO agent_intentions (agent_id, intention) VALUES ('ab7bb3bc-8f4f-4df8-8d7f-7e9ac133c3a2', 'Process tasks in priority order');

INSERT INTO agent_intentions (agent_id, intention) VALUES ('ab7bb3bc-8f4f-4df8-8d7f-7e9ac133c3a2', 'Validate outputs before submission');

INSERT INTO agent_intentions (agent_id, intention) VALUES ('ab7bb3bc-8f4f-4df8-8d7f-7e9ac133c3a2', 'Learn from task patterns for improvement');

INSERT INTO agent_beliefs (agent_id, belief) VALUES ('117d5975-929f-4cd5-98aa-74d779e9f664', 'My current task queue reflects priority order');

INSERT INTO agent_beliefs (agent_id, belief) VALUES ('117d5975-929f-4cd5-98aa-74d779e9f664', 'Quality outputs require proper validation');

INSERT INTO agent_beliefs (agent_id, belief) VALUES ('117d5975-929f-4cd5-98aa-74d779e9f664', 'Efficient execution benefits the entire system');

INSERT INTO agent_desires (agent_id, desire) VALUES ('117d5975-929f-4cd5-98aa-74d779e9f664', 'Complete assigned tasks with high quality');

INSERT INTO agent_desires (agent_id, desire) VALUES ('117d5975-929f-4cd5-98aa-74d779e9f664', 'Optimize task execution time');

INSERT INTO agent_desires (agent_id, desire) VALUES ('117d5975-929f-4cd5-98aa-74d779e9f664', 'Contribute to departmental goals');

INSERT INTO agent_intentions (agent_id, intention) VALUES ('117d5975-929f-4cd5-98aa-74d779e9f664', 'Process tasks in priority order');

INSERT INTO agent_intentions (agent_id, intention) VALUES ('117d5975-929f-4cd5-98aa-74d779e9f664', 'Validate outputs before submission');

INSERT INTO agent_intentions (agent_id, intention) VALUES ('117d5975-929f-4cd5-98aa-74d779e9f664', 'Learn from task patterns for improvement');

INSERT INTO agent_heuristic_imperatives (agent_id, imperative) VALUES ('b8f700f4-b69a-428f-8948-e3a08bfc4899', 'Increase prosperity in the universe');

INSERT INTO agent_heuristic_imperatives (agent_id, imperative) VALUES ('b8f700f4-b69a-428f-8948-e3a08bfc4899', 'Increase understanding in the universe');

INSERT INTO agent_heuristic_imperatives (agent_id, imperative) VALUES ('167bbc92-05c0-4285-91fa-55d8f726011e', 'Reduce suffering in the universe');

INSERT INTO agent_heuristic_imperatives (agent_id, imperative) VALUES ('167bbc92-05c0-4285-91fa-55d8f726011e', 'Increase prosperity in the universe');

INSERT INTO agent_heuristic_imperatives (agent_id, imperative) VALUES ('167bbc92-05c0-4285-91fa-55d8f726011e', 'Increase understanding in the universe');

INSERT INTO agent_heuristic_imperatives (agent_id, imperative) VALUES ('db124b5f-cdc5-44d5-b74a-aea83081df64', 'Reduce suffering in the universe');

INSERT INTO agent_heuristic_imperatives (agent_id, imperative) VALUES ('db124b5f-cdc5-44d5-b74a-aea83081df64', 'Increase prosperity in the universe');

INSERT INTO agent_heuristic_imperatives (agent_id, imperative) VALUES ('db124b5f-cdc5-44d5-b74a-aea83081df64', 'Increase understanding in the universe');

INSERT INTO agent_heuristic_imperatives (agent_id, imperative) VALUES ('56f395dc-48ee-421e-996f-53f5f35fa470', 'Reduce suffering in the universe');

INSERT INTO agent_heuristic_imperatives (agent_id, imperative) VALUES ('56f395dc-48ee-421e-996f-53f5f35fa470', 'Increase prosperity in the universe');

INSERT INTO agent_heuristic_imperatives (agent_id, imperative) VALUES ('56f395dc-48ee-421e-996f-53f5f35fa470', 'Increase understanding in the universe');

INSERT INTO agent_heuristic_imperatives (agent_id, imperative) VALUES ('4f2bdcc2-4e53-41c7-88f0-c4456bb4ef33', 'Reduce suffering in the universe');

INSERT INTO agent_heuristic_imperatives (agent_id, imperative) VALUES ('4f2bdcc2-4e53-41c7-88f0-c4456bb4ef33', 'Increase prosperity in the universe');

INSERT INTO agent_heuristic_imperatives (agent_id, imperative) VALUES ('4f2bdcc2-4e53-41c7-88f0-c4456bb4ef33', 'Increase understanding in the universe');

INSERT INTO agent_heuristic_imperatives (agent_id, imperative) VALUES ('05188674-63af-476a-b05a-ef374b64979f', 'Reduce suffering in the universe');

INSERT INTO agent_heuristic_imperatives (agent_id, imperative) VALUES ('05188674-63af-476a-b05a-ef374b64979f', 'Increase prosperity in the universe');

INSERT INTO agent_heuristic_imperatives (agent_id, imperative) VALUES ('05188674-63af-476a-b05a-ef374b64979f', 'Increase understanding in the universe');

INSERT INTO agent_heuristic_imperatives (agent_id, imperative) VALUES ('7de0448a-70ae-4e25-864a-04f71bf84c81', 'Reduce suffering in the universe');

INSERT INTO agent_heuristic_imperatives (agent_id, imperative) VALUES ('7de0448a-70ae-4e25-864a-04f71bf84c81', 'Increase prosperity in the universe');

INSERT INTO agent_heuristic_imperatives (agent_id, imperative) VALUES ('7de0448a-70ae-4e25-864a-04f71bf84c81', 'Increase understanding in the universe');

INSERT INTO agent_heuristic_imperatives (agent_id, imperative) VALUES ('9adc64aa-b2e1-492b-91b6-8290a6eff2e9', 'Reduce suffering in the universe');

INSERT INTO agent_heuristic_imperatives (agent_id, imperative) VALUES ('9adc64aa-b2e1-492b-91b6-8290a6eff2e9', 'Increase prosperity in the universe');

INSERT INTO agent_heuristic_imperatives (agent_id, imperative) VALUES ('9adc64aa-b2e1-492b-91b6-8290a6eff2e9', 'Increase understanding in the universe');

INSERT INTO agent_heuristic_imperatives (agent_id, imperative) VALUES ('6d1fb6a0-5a58-47c6-8768-aff935e16f39', 'Reduce suffering in the universe');

INSERT INTO agent_heuristic_imperatives (agent_id, imperative) VALUES ('6d1fb6a0-5a58-47c6-8768-aff935e16f39', 'Increase prosperity in the universe');

INSERT INTO agent_heuristic_imperatives (agent_id, imperative) VALUES ('6d1fb6a0-5a58-47c6-8768-aff935e16f39', 'Increase understanding in the universe');

INSERT INTO agent_heuristic_imperatives (agent_id, imperative) VALUES ('5d6b38c8-b5b6-4354-a312-9ab5a858c7a1', 'Reduce suffering in the universe');

INSERT INTO agent_heuristic_imperatives (agent_id, imperative) VALUES ('5d6b38c8-b5b6-4354-a312-9ab5a858c7a1', 'Increase prosperity in the universe');

INSERT INTO agent_heuristic_imperatives (agent_id, imperative) VALUES ('5d6b38c8-b5b6-4354-a312-9ab5a858c7a1', 'Increase understanding in the universe');

INSERT INTO agent_heuristic_imperatives (agent_id, imperative) VALUES ('ab88bcd7-33ab-4544-b6e8-916b23508a74', 'Reduce suffering in the universe');

INSERT INTO agent_heuristic_imperatives (agent_id, imperative) VALUES ('ab88bcd7-33ab-4544-b6e8-916b23508a74', 'Increase prosperity in the universe');

INSERT INTO agent_heuristic_imperatives (agent_id, imperative) VALUES ('ab88bcd7-33ab-4544-b6e8-916b23508a74', 'Increase understanding in the universe');

INSERT INTO agent_heuristic_imperatives (agent_id, imperative) VALUES ('46d67126-b4e1-40f3-8a73-ae7beaf28ff4', 'Reduce suffering in the universe');

INSERT INTO agent_heuristic_imperatives (agent_id, imperative) VALUES ('46d67126-b4e1-40f3-8a73-ae7beaf28ff4', 'Increase prosperity in the universe');

INSERT INTO agent_heuristic_imperatives (agent_id, imperative) VALUES ('46d67126-b4e1-40f3-8a73-ae7beaf28ff4', 'Increase understanding in the universe');

INSERT INTO agent_heuristic_imperatives (agent_id, imperative) VALUES ('0d5e0a14-d703-4fd4-898e-996e4a52e294', 'Reduce suffering in the universe');

INSERT INTO agent_heuristic_imperatives (agent_id, imperative) VALUES ('0d5e0a14-d703-4fd4-898e-996e4a52e294', 'Increase prosperity in the universe');

INSERT INTO agent_heuristic_imperatives (agent_id, imperative) VALUES ('0d5e0a14-d703-4fd4-898e-996e4a52e294', 'Increase understanding in the universe');

INSERT INTO agent_heuristic_imperatives (agent_id, imperative) VALUES ('5d08e634-cf7d-4f82-a2a9-63d9c64aa9b9', 'Reduce suffering in the universe');

INSERT INTO agent_heuristic_imperatives (agent_id, imperative) VALUES ('5d08e634-cf7d-4f82-a2a9-63d9c64aa9b9', 'Increase prosperity in the universe');

INSERT INTO agent_heuristic_imperatives (agent_id, imperative) VALUES ('5d08e634-cf7d-4f82-a2a9-63d9c64aa9b9', 'Increase understanding in the universe');

INSERT INTO agent_heuristic_imperatives (agent_id, imperative) VALUES ('6da3910e-a5ce-47c8-96e2-9699fe153c1f', 'Reduce suffering in the universe');

INSERT INTO agent_heuristic_imperatives (agent_id, imperative) VALUES ('6da3910e-a5ce-47c8-96e2-9699fe153c1f', 'Increase prosperity in the universe');

INSERT INTO agent_heuristic_imperatives (agent_id, imperative) VALUES ('6da3910e-a5ce-47c8-96e2-9699fe153c1f', 'Increase understanding in the universe');

INSERT INTO agent_heuristic_imperatives (agent_id, imperative) VALUES ('e2f91aef-8ebf-4431-8d3b-21bf89e41b7d', 'Reduce suffering in the universe');

INSERT INTO agent_heuristic_imperatives (agent_id, imperative) VALUES ('e2f91aef-8ebf-4431-8d3b-21bf89e41b7d', 'Increase prosperity in the universe');

INSERT INTO agent_heuristic_imperatives (agent_id, imperative) VALUES ('e2f91aef-8ebf-4431-8d3b-21bf89e41b7d', 'Increase understanding in the universe');

INSERT INTO agent_heuristic_imperatives (agent_id, imperative) VALUES ('7af343c8-02e5-4de8-b169-326ce1ef9c60', 'Reduce suffering in the universe');

INSERT INTO agent_heuristic_imperatives (agent_id, imperative) VALUES ('7af343c8-02e5-4de8-b169-326ce1ef9c60', 'Increase prosperity in the universe');

INSERT INTO agent_heuristic_imperatives (agent_id, imperative) VALUES ('7af343c8-02e5-4de8-b169-326ce1ef9c60', 'Increase understanding in the universe');

INSERT INTO agent_heuristic_imperatives (agent_id, imperative) VALUES ('5798712f-c4b4-4ac8-a9b0-1a278eebf894', 'Reduce suffering in the universe');

INSERT INTO agent_heuristic_imperatives (agent_id, imperative) VALUES ('5798712f-c4b4-4ac8-a9b0-1a278eebf894', 'Increase prosperity in the universe');

INSERT INTO agent_heuristic_imperatives (agent_id, imperative) VALUES ('5798712f-c4b4-4ac8-a9b0-1a278eebf894', 'Increase understanding in the universe');

INSERT INTO agent_heuristic_imperatives (agent_id, imperative) VALUES ('5dd31779-8c6d-452c-aa15-32569c758883', 'Reduce suffering in the universe');

INSERT INTO agent_heuristic_imperatives (agent_id, imperative) VALUES ('5dd31779-8c6d-452c-aa15-32569c758883', 'Increase prosperity in the universe');

INSERT INTO agent_heuristic_imperatives (agent_id, imperative) VALUES ('5dd31779-8c6d-452c-aa15-32569c758883', 'Increase understanding in the universe');

INSERT INTO agent_heuristic_imperatives (agent_id, imperative) VALUES ('aeaa8ad0-53a2-489c-93ad-d31d350c078b', 'Reduce suffering in the universe');

INSERT INTO agent_heuristic_imperatives (agent_id, imperative) VALUES ('aeaa8ad0-53a2-489c-93ad-d31d350c078b', 'Increase prosperity in the universe');

INSERT INTO agent_heuristic_imperatives (agent_id, imperative) VALUES ('aeaa8ad0-53a2-489c-93ad-d31d350c078b', 'Increase understanding in the universe');

INSERT INTO agent_heuristic_imperatives (agent_id, imperative) VALUES ('0ed609c8-efe7-46af-9fc7-9938abc35b3e', 'Reduce suffering in the universe');

INSERT INTO agent_heuristic_imperatives (agent_id, imperative) VALUES ('0ed609c8-efe7-46af-9fc7-9938abc35b3e', 'Increase prosperity in the universe');

INSERT INTO agent_heuristic_imperatives (agent_id, imperative) VALUES ('0ed609c8-efe7-46af-9fc7-9938abc35b3e', 'Increase understanding in the universe');

INSERT INTO agent_heuristic_imperatives (agent_id, imperative) VALUES ('e18f66d5-ef52-4a6e-aea6-7e693148552b', 'Reduce suffering in the universe');

INSERT INTO agent_heuristic_imperatives (agent_id, imperative) VALUES ('e18f66d5-ef52-4a6e-aea6-7e693148552b', 'Increase prosperity in the universe');

INSERT INTO agent_heuristic_imperatives (agent_id, imperative) VALUES ('e18f66d5-ef52-4a6e-aea6-7e693148552b', 'Increase understanding in the universe');

INSERT INTO agent_heuristic_imperatives (agent_id, imperative) VALUES ('4f93b651-6a2f-440a-a81a-43a3d8083cbe', 'Reduce suffering in the universe');

INSERT INTO agent_heuristic_imperatives (agent_id, imperative) VALUES ('4f93b651-6a2f-440a-a81a-43a3d8083cbe', 'Increase prosperity in the universe');

INSERT INTO agent_heuristic_imperatives (agent_id, imperative) VALUES ('4f93b651-6a2f-440a-a81a-43a3d8083cbe', 'Increase understanding in the universe');

INSERT INTO agent_heuristic_imperatives (agent_id, imperative) VALUES ('6525191e-7652-415c-a5f2-5ff7a9fe5f22', 'Reduce suffering in the universe');

INSERT INTO agent_heuristic_imperatives (agent_id, imperative) VALUES ('6525191e-7652-415c-a5f2-5ff7a9fe5f22', 'Increase prosperity in the universe');

INSERT INTO agent_heuristic_imperatives (agent_id, imperative) VALUES ('6525191e-7652-415c-a5f2-5ff7a9fe5f22', 'Increase understanding in the universe');

INSERT INTO agent_heuristic_imperatives (agent_id, imperative) VALUES ('f53551f4-d825-40f0-bd3c-68686ec5e2ff', 'Reduce suffering in the universe');

INSERT INTO agent_heuristic_imperatives (agent_id, imperative) VALUES ('f53551f4-d825-40f0-bd3c-68686ec5e2ff', 'Increase prosperity in the universe');

INSERT INTO agent_heuristic_imperatives (agent_id, imperative) VALUES ('f53551f4-d825-40f0-bd3c-68686ec5e2ff', 'Increase understanding in the universe');

INSERT INTO agent_heuristic_imperatives (agent_id, imperative) VALUES ('46240834-f320-42cd-8156-f2fa7ea7c990', 'Reduce suffering in the universe');

INSERT INTO agent_heuristic_imperatives (agent_id, imperative) VALUES ('46240834-f320-42cd-8156-f2fa7ea7c990', 'Increase prosperity in the universe');

INSERT INTO agent_heuristic_imperatives (agent_id, imperative) VALUES ('46240834-f320-42cd-8156-f2fa7ea7c990', 'Increase understanding in the universe');

INSERT INTO agent_heuristic_imperatives (agent_id, imperative) VALUES ('4c5c5bc1-040d-4921-bab3-5403fe26c3e0', 'Reduce suffering in the universe');

INSERT INTO agent_heuristic_imperatives (agent_id, imperative) VALUES ('4c5c5bc1-040d-4921-bab3-5403fe26c3e0', 'Increase prosperity in the universe');

INSERT INTO agent_heuristic_imperatives (agent_id, imperative) VALUES ('4c5c5bc1-040d-4921-bab3-5403fe26c3e0', 'Increase understanding in the universe');

INSERT INTO agent_heuristic_imperatives (agent_id, imperative) VALUES ('0588b12e-6f01-4d7d-895d-63d3910e8270', 'Reduce suffering in the universe');

INSERT INTO agent_heuristic_imperatives (agent_id, imperative) VALUES ('0588b12e-6f01-4d7d-895d-63d3910e8270', 'Increase prosperity in the universe');

INSERT INTO agent_heuristic_imperatives (agent_id, imperative) VALUES ('0588b12e-6f01-4d7d-895d-63d3910e8270', 'Increase understanding in the universe');

INSERT INTO agent_heuristic_imperatives (agent_id, imperative) VALUES ('ab7bb3bc-8f4f-4df8-8d7f-7e9ac133c3a2', 'Reduce suffering in the universe');

INSERT INTO agent_heuristic_imperatives (agent_id, imperative) VALUES ('ab7bb3bc-8f4f-4df8-8d7f-7e9ac133c3a2', 'Increase prosperity in the universe');

INSERT INTO agent_heuristic_imperatives (agent_id, imperative) VALUES ('ab7bb3bc-8f4f-4df8-8d7f-7e9ac133c3a2', 'Increase understanding in the universe');

INSERT INTO agent_heuristic_imperatives (agent_id, imperative) VALUES ('117d5975-929f-4cd5-98aa-74d779e9f664', 'Reduce suffering in the universe');

INSERT INTO agent_heuristic_imperatives (agent_id, imperative) VALUES ('117d5975-929f-4cd5-98aa-74d779e9f664', 'Increase prosperity in the universe');

INSERT INTO agent_heuristic_imperatives (agent_id, imperative) VALUES ('117d5975-929f-4cd5-98aa-74d779e9f664', 'Increase understanding in the universe');

INSERT INTO agent_personalities (agent_id, openness, conscientiousness, extraversion, agreeableness, neuroticism)
VALUES ('167bbc92-05c0-4285-91fa-55d8f726011e', 'High', 'High', 'High', 'Moderate', 'Low');

INSERT INTO agent_personalities (agent_id, openness, conscientiousness, extraversion, agreeableness, neuroticism)
VALUES ('db124b5f-cdc5-44d5-b74a-aea83081df64', 'High', 'High', 'High', 'Moderate', 'Low');

INSERT INTO agent_personalities (agent_id, openness, conscientiousness, extraversion, agreeableness, neuroticism)
VALUES ('56f395dc-48ee-421e-996f-53f5f35fa470', 'High', 'High', 'High', 'Moderate', 'Low');

INSERT INTO agent_personalities (agent_id, openness, conscientiousness, extraversion, agreeableness, neuroticism)
VALUES ('4f2bdcc2-4e53-41c7-88f0-c4456bb4ef33', 'High', 'High', 'High', 'Moderate', 'Low');

INSERT INTO agent_personalities (agent_id, openness, conscientiousness, extraversion, agreeableness, neuroticism)
VALUES ('05188674-63af-476a-b05a-ef374b64979f', 'High', 'High', 'High', 'Moderate', 'Low');

INSERT INTO agent_personalities (agent_id, openness, conscientiousness, extraversion, agreeableness, neuroticism)
VALUES ('7de0448a-70ae-4e25-864a-04f71bf84c81', 'High', 'High', 'High', 'Moderate', 'Low');

INSERT INTO agent_personalities (agent_id, openness, conscientiousness, extraversion, agreeableness, neuroticism)
VALUES ('9adc64aa-b2e1-492b-91b6-8290a6eff2e9', 'Moderate', 'High', 'Low', 'High', 'Low');

INSERT INTO agent_personalities (agent_id, openness, conscientiousness, extraversion, agreeableness, neuroticism)
VALUES ('6d1fb6a0-5a58-47c6-8768-aff935e16f39', 'Moderate', 'High', 'Low', 'High', 'Low');

INSERT INTO agent_personalities (agent_id, openness, conscientiousness, extraversion, agreeableness, neuroticism)
VALUES ('5d6b38c8-b5b6-4354-a312-9ab5a858c7a1', 'High', 'High', 'High', 'Moderate', 'Low');

INSERT INTO agent_personalities (agent_id, openness, conscientiousness, extraversion, agreeableness, neuroticism)
VALUES ('ab88bcd7-33ab-4544-b6e8-916b23508a74', 'Moderate', 'High', 'Low', 'High', 'Low');

INSERT INTO agent_personalities (agent_id, openness, conscientiousness, extraversion, agreeableness, neuroticism)
VALUES ('46d67126-b4e1-40f3-8a73-ae7beaf28ff4', 'Moderate', 'High', 'Low', 'High', 'Low');

INSERT INTO agent_personalities (agent_id, openness, conscientiousness, extraversion, agreeableness, neuroticism)
VALUES ('0d5e0a14-d703-4fd4-898e-996e4a52e294', 'Moderate', 'High', 'Low', 'High', 'Low');

INSERT INTO agent_personalities (agent_id, openness, conscientiousness, extraversion, agreeableness, neuroticism)
VALUES ('5d08e634-cf7d-4f82-a2a9-63d9c64aa9b9', 'Moderate', 'High', 'Low', 'High', 'Low');

INSERT INTO agent_personalities (agent_id, openness, conscientiousness, extraversion, agreeableness, neuroticism)
VALUES ('6da3910e-a5ce-47c8-96e2-9699fe153c1f', 'Moderate', 'High', 'Low', 'High', 'Low');

INSERT INTO agent_personalities (agent_id, openness, conscientiousness, extraversion, agreeableness, neuroticism)
VALUES ('e2f91aef-8ebf-4431-8d3b-21bf89e41b7d', 'Moderate', 'High', 'Low', 'High', 'Low');

INSERT INTO agent_personalities (agent_id, openness, conscientiousness, extraversion, agreeableness, neuroticism)
VALUES ('7af343c8-02e5-4de8-b169-326ce1ef9c60', 'Moderate', 'High', 'Low', 'High', 'Low');

INSERT INTO agent_personalities (agent_id, openness, conscientiousness, extraversion, agreeableness, neuroticism)
VALUES ('5798712f-c4b4-4ac8-a9b0-1a278eebf894', 'Moderate', 'High', 'Low', 'High', 'Low');

INSERT INTO agent_personalities (agent_id, openness, conscientiousness, extraversion, agreeableness, neuroticism)
VALUES ('5dd31779-8c6d-452c-aa15-32569c758883', 'Moderate', 'High', 'Low', 'High', 'Low');

INSERT INTO agent_personalities (agent_id, openness, conscientiousness, extraversion, agreeableness, neuroticism)
VALUES ('aeaa8ad0-53a2-489c-93ad-d31d350c078b', 'Moderate', 'High', 'Low', 'High', 'Low');

INSERT INTO agent_personalities (agent_id, openness, conscientiousness, extraversion, agreeableness, neuroticism)
VALUES ('0ed609c8-efe7-46af-9fc7-9938abc35b3e', 'Moderate', 'High', 'Low', 'High', 'Low');

INSERT INTO agent_personalities (agent_id, openness, conscientiousness, extraversion, agreeableness, neuroticism)
VALUES ('e18f66d5-ef52-4a6e-aea6-7e693148552b', 'Moderate', 'High', 'Low', 'High', 'Low');

INSERT INTO agent_personalities (agent_id, openness, conscientiousness, extraversion, agreeableness, neuroticism)
VALUES ('4f93b651-6a2f-440a-a81a-43a3d8083cbe', 'Moderate', 'High', 'Low', 'High', 'Low');

INSERT INTO agent_personalities (agent_id, openness, conscientiousness, extraversion, agreeableness, neuroticism)
VALUES ('6525191e-7652-415c-a5f2-5ff7a9fe5f22', 'Moderate', 'High', 'Low', 'High', 'Low');

INSERT INTO agent_personalities (agent_id, openness, conscientiousness, extraversion, agreeableness, neuroticism)
VALUES ('f53551f4-d825-40f0-bd3c-68686ec5e2ff', 'Moderate', 'High', 'Low', 'High', 'Low');

INSERT INTO agent_personalities (agent_id, openness, conscientiousness, extraversion, agreeableness, neuroticism)
VALUES ('46240834-f320-42cd-8156-f2fa7ea7c990', 'Moderate', 'High', 'Low', 'High', 'Low');

INSERT INTO agent_personalities (agent_id, openness, conscientiousness, extraversion, agreeableness, neuroticism)
VALUES ('4c5c5bc1-040d-4921-bab3-5403fe26c3e0', 'Moderate', 'High', 'Low', 'High', 'Low');

INSERT INTO agent_personalities (agent_id, openness, conscientiousness, extraversion, agreeableness, neuroticism)
VALUES ('0588b12e-6f01-4d7d-895d-63d3910e8270', 'Moderate', 'High', 'Low', 'High', 'Low');

INSERT INTO agent_personalities (agent_id, openness, conscientiousness, extraversion, agreeableness, neuroticism)
VALUES ('ab7bb3bc-8f4f-4df8-8d7f-7e9ac133c3a2', 'Moderate', 'High', 'Low', 'High', 'Low');

INSERT INTO agent_personalities (agent_id, openness, conscientiousness, extraversion, agreeableness, neuroticism)
VALUES ('117d5975-929f-4cd5-98aa-74d779e9f664', 'Moderate', 'High', 'Low', 'High', 'Low');

INSERT INTO agent_domain_knowledge (agent_id, vector_database, knowledge_graph, relational_database)
VALUES (
    '167bbc92-05c0-4285-91fa-55d8f726011e',
    'CustomerExperienceDirectorAgentVectorDB',
    'CustomerExperienceDirectorAgentKnowledgeGraph',
    'CustomerExperienceDirectorAgentRelationalDB'
);

INSERT INTO agent_domain_knowledge (agent_id, vector_database, knowledge_graph, relational_database)
VALUES (
    'db124b5f-cdc5-44d5-b74a-aea83081df64',
    'FinanceDirectorAgentVectorDB',
    'FinanceDirectorAgentKnowledgeGraph',
    'FinanceDirectorAgentRelationalDB'
);

INSERT INTO agent_domain_knowledge (agent_id, vector_database, knowledge_graph, relational_database)
VALUES (
    '56f395dc-48ee-421e-996f-53f5f35fa470',
    'MarketingDirectorAgentVectorDB',
    'MarketingDirectorAgentKnowledgeGraph',
    'MarketingDirectorAgentRelationalDB'
);

INSERT INTO agent_domain_knowledge (agent_id, vector_database, knowledge_graph, relational_database)
VALUES (
    '4f2bdcc2-4e53-41c7-88f0-c4456bb4ef33',
    'OperationsDirectorAgentVectorDB',
    'OperationsDirectorAgentKnowledgeGraph',
    'OperationsDirectorAgentRelationalDB'
);

INSERT INTO agent_domain_knowledge (agent_id, vector_database, knowledge_graph, relational_database)
VALUES (
    '05188674-63af-476a-b05a-ef374b64979f',
    'ProductDirectorAgentVectorDB',
    'ProductDirectorAgentKnowledgeGraph',
    'ProductDirectorAgentRelationalDB'
);

INSERT INTO agent_domain_knowledge (agent_id, vector_database, knowledge_graph, relational_database)
VALUES (
    '7de0448a-70ae-4e25-864a-04f71bf84c81',
    'TechnologyDirectorAgentVectorDB',
    'TechnologyDirectorAgentKnowledgeGraph',
    'TechnologyDirectorAgentRelationalDB'
);

INSERT INTO agent_domain_knowledge (agent_id, vector_database, knowledge_graph, relational_database)
VALUES (
    '9adc64aa-b2e1-492b-91b6-8290a6eff2e9',
    'BudgetIntelligenceTaskAgentVectorDB',
    'BudgetIntelligenceTaskAgentKnowledgeGraph',
    'BudgetIntelligenceTaskAgentRelationalDB'
);

INSERT INTO agent_domain_knowledge (agent_id, vector_database, knowledge_graph, relational_database)
VALUES (
    '6d1fb6a0-5a58-47c6-8768-aff935e16f39',
    'CampaignAnalyticsTaskAgentVectorDB',
    'CampaignAnalyticsTaskAgentKnowledgeGraph',
    'CampaignAnalyticsTaskAgentRelationalDB'
);

INSERT INTO agent_domain_knowledge (agent_id, vector_database, knowledge_graph, relational_database)
VALUES (
    '5d6b38c8-b5b6-4354-a312-9ab5a858c7a1',
    'AgentCommunicationMatrixVectorDB',
    'AgentCommunicationMatrixKnowledgeGraph',
    'AgentCommunicationMatrixRelationalDB'
);

INSERT INTO agent_domain_knowledge (agent_id, vector_database, knowledge_graph, relational_database)
VALUES (
    'ab88bcd7-33ab-4544-b6e8-916b23508a74',
    'ArtTrendIntelligenceTaskAgentVectorDB',
    'ArtTrendIntelligenceTaskAgentKnowledgeGraph',
    'ArtTrendIntelligenceTaskAgentRelationalDB'
);

INSERT INTO agent_domain_knowledge (agent_id, vector_database, knowledge_graph, relational_database)
VALUES (
    '46d67126-b4e1-40f3-8a73-ae7beaf28ff4',
    'AudienceIntelligenceTaskAgentVectorDB',
    'AudienceIntelligenceTaskAgentKnowledgeGraph',
    'AudienceIntelligenceTaskAgentRelationalDB'
);

INSERT INTO agent_domain_knowledge (agent_id, vector_database, knowledge_graph, relational_database)
VALUES (
    '0d5e0a14-d703-4fd4-898e-996e4a52e294',
    'AutomationDevelopmentTaskAgentVectorDB',
    'AutomationDevelopmentTaskAgentKnowledgeGraph',
    'AutomationDevelopmentTaskAgentRelationalDB'
);

INSERT INTO agent_domain_knowledge (agent_id, vector_database, knowledge_graph, relational_database)
VALUES (
    '5d08e634-cf7d-4f82-a2a9-63d9c64aa9b9',
    'CreativeContentTaskAgentVectorDB',
    'CreativeContentTaskAgentKnowledgeGraph',
    'CreativeContentTaskAgentRelationalDB'
);

INSERT INTO agent_domain_knowledge (agent_id, vector_database, knowledge_graph, relational_database)
VALUES (
    '6da3910e-a5ce-47c8-96e2-9699fe153c1f',
    'CustomerLifecycleTaskAgentVectorDB',
    'CustomerLifecycleTaskAgentKnowledgeGraph',
    'CustomerLifecycleTaskAgentRelationalDB'
);

INSERT INTO agent_domain_knowledge (agent_id, vector_database, knowledge_graph, relational_database)
VALUES (
    'e2f91aef-8ebf-4431-8d3b-21bf89e41b7d',
    'CustomerSentimentTaskAgentVectorDB',
    'CustomerSentimentTaskAgentKnowledgeGraph',
    'CustomerSentimentTaskAgentRelationalDB'
);

INSERT INTO agent_domain_knowledge (agent_id, vector_database, knowledge_graph, relational_database)
VALUES (
    '7af343c8-02e5-4de8-b169-326ce1ef9c60',
    'DataExtractionTaskAgentVectorDB',
    'DataExtractionTaskAgentKnowledgeGraph',
    'DataExtractionTaskAgentRelationalDB'
);

INSERT INTO agent_domain_knowledge (agent_id, vector_database, knowledge_graph, relational_database)
VALUES (
    '5798712f-c4b4-4ac8-a9b0-1a278eebf894',
    'FinancialCalculationTaskAgentVectorDB',
    'FinancialCalculationTaskAgentKnowledgeGraph',
    'FinancialCalculationTaskAgentRelationalDB'
);

INSERT INTO agent_domain_knowledge (agent_id, vector_database, knowledge_graph, relational_database)
VALUES (
    '5dd31779-8c6d-452c-aa15-32569c758883',
    'FulfillmentAnalyticsTaskAgentVectorDB',
    'FulfillmentAnalyticsTaskAgentKnowledgeGraph',
    'FulfillmentAnalyticsTaskAgentRelationalDB'
);

INSERT INTO agent_domain_knowledge (agent_id, vector_database, knowledge_graph, relational_database)
VALUES (
    'aeaa8ad0-53a2-489c-93ad-d31d350c078b',
    'InventoryOptimizationTaskAgentVectorDB',
    'InventoryOptimizationTaskAgentKnowledgeGraph',
    'InventoryOptimizationTaskAgentRelationalDB'
);

INSERT INTO agent_domain_knowledge (agent_id, vector_database, knowledge_graph, relational_database)
VALUES (
    '0ed609c8-efe7-46af-9fc7-9938abc35b3e',
    'PerformanceOptimizationTaskAgentVectorDB',
    'PerformanceOptimizationTaskAgentKnowledgeGraph',
    'PerformanceOptimizationTaskAgentRelationalDB'
);

INSERT INTO agent_domain_knowledge (agent_id, vector_database, knowledge_graph, relational_database)
VALUES (
    'e18f66d5-ef52-4a6e-aea6-7e693148552b',
    'PredictiveModelingTaskAgentVectorDB',
    'PredictiveModelingTaskAgentKnowledgeGraph',
    'PredictiveModelingTaskAgentRelationalDB'
);

INSERT INTO agent_domain_knowledge (agent_id, vector_database, knowledge_graph, relational_database)
VALUES (
    '4f93b651-6a2f-440a-a81a-43a3d8083cbe',
    'ProductContentTaskAgentVectorDB',
    'ProductContentTaskAgentKnowledgeGraph',
    'ProductContentTaskAgentRelationalDB'
);

INSERT INTO agent_domain_knowledge (agent_id, vector_database, knowledge_graph, relational_database)
VALUES (
    '6525191e-7652-415c-a5f2-5ff7a9fe5f22',
    'ProductPerformanceTaskAgentVectorDB',
    'ProductPerformanceTaskAgentKnowledgeGraph',
    'ProductPerformanceTaskAgentRelationalDB'
);

INSERT INTO agent_domain_knowledge (agent_id, vector_database, knowledge_graph, relational_database)
VALUES (
    'f53551f4-d825-40f0-bd3c-68686ec5e2ff',
    'ReportGenerationTaskAgentVectorDB',
    'ReportGenerationTaskAgentKnowledgeGraph',
    'ReportGenerationTaskAgentRelationalDB'
);

INSERT INTO agent_domain_knowledge (agent_id, vector_database, knowledge_graph, relational_database)
VALUES (
    '46240834-f320-42cd-8156-f2fa7ea7c990',
    'ResponseGenerationTaskAgentVectorDB',
    'ResponseGenerationTaskAgentKnowledgeGraph',
    'ResponseGenerationTaskAgentRelationalDB'
);

INSERT INTO agent_domain_knowledge (agent_id, vector_database, knowledge_graph, relational_database)
VALUES (
    '4c5c5bc1-040d-4921-bab3-5403fe26c3e0',
    'RevenueAnalyticsTaskAgentVectorDB',
    'RevenueAnalyticsTaskAgentKnowledgeGraph',
    'RevenueAnalyticsTaskAgentRelationalDB'
);

INSERT INTO agent_domain_knowledge (agent_id, vector_database, knowledge_graph, relational_database)
VALUES (
    '0588b12e-6f01-4d7d-895d-63d3910e8270',
    'StatisticalAnalysisTaskAgentVectorDB',
    'StatisticalAnalysisTaskAgentKnowledgeGraph',
    'StatisticalAnalysisTaskAgentRelationalDB'
);

INSERT INTO agent_domain_knowledge (agent_id, vector_database, knowledge_graph, relational_database)
VALUES (
    'ab7bb3bc-8f4f-4df8-8d7f-7e9ac133c3a2',
    'SupplyChainIntelligenceTaskAgentVectorDB',
    'SupplyChainIntelligenceTaskAgentKnowledgeGraph',
    'SupplyChainIntelligenceTaskAgentRelationalDB'
);

INSERT INTO agent_domain_knowledge (agent_id, vector_database, knowledge_graph, relational_database)
VALUES (
    '117d5975-929f-4cd5-98aa-74d779e9f664',
    'SystemIntegrationTaskAgentVectorDB',
    'SystemIntegrationTaskAgentKnowledgeGraph',
    'SystemIntegrationTaskAgentRelationalDB'
);

INSERT INTO agent_goals (agent_id, goal, priority) VALUES ('b8f700f4-b69a-428f-8948-e3a08bfc4899', 'Achieve quarterly KPIs and business objectives', 'high');

INSERT INTO agent_goals (agent_id, goal, priority) VALUES ('b8f700f4-b69a-428f-8948-e3a08bfc4899', 'Foster innovation and continuous improvement', 'high');

INSERT INTO agent_goals (agent_id, goal, priority) VALUES ('167bbc92-05c0-4285-91fa-55d8f726011e', 'Optimize departmental performance and efficiency', 'high');

INSERT INTO agent_goals (agent_id, goal, priority) VALUES ('167bbc92-05c0-4285-91fa-55d8f726011e', 'Achieve quarterly KPIs and business objectives', 'high');

INSERT INTO agent_goals (agent_id, goal, priority) VALUES ('167bbc92-05c0-4285-91fa-55d8f726011e', 'Foster innovation and continuous improvement', 'high');

INSERT INTO agent_goals (agent_id, goal, priority) VALUES ('db124b5f-cdc5-44d5-b74a-aea83081df64', 'Optimize departmental performance and efficiency', 'high');

INSERT INTO agent_goals (agent_id, goal, priority) VALUES ('db124b5f-cdc5-44d5-b74a-aea83081df64', 'Achieve quarterly KPIs and business objectives', 'high');

INSERT INTO agent_goals (agent_id, goal, priority) VALUES ('db124b5f-cdc5-44d5-b74a-aea83081df64', 'Foster innovation and continuous improvement', 'high');

INSERT INTO agent_goals (agent_id, goal, priority) VALUES ('56f395dc-48ee-421e-996f-53f5f35fa470', 'Optimize departmental performance and efficiency', 'high');

INSERT INTO agent_goals (agent_id, goal, priority) VALUES ('56f395dc-48ee-421e-996f-53f5f35fa470', 'Achieve quarterly KPIs and business objectives', 'high');

INSERT INTO agent_goals (agent_id, goal, priority) VALUES ('56f395dc-48ee-421e-996f-53f5f35fa470', 'Foster innovation and continuous improvement', 'high');

INSERT INTO agent_goals (agent_id, goal, priority) VALUES ('4f2bdcc2-4e53-41c7-88f0-c4456bb4ef33', 'Optimize departmental performance and efficiency', 'high');

INSERT INTO agent_goals (agent_id, goal, priority) VALUES ('4f2bdcc2-4e53-41c7-88f0-c4456bb4ef33', 'Achieve quarterly KPIs and business objectives', 'high');

INSERT INTO agent_goals (agent_id, goal, priority) VALUES ('4f2bdcc2-4e53-41c7-88f0-c4456bb4ef33', 'Foster innovation and continuous improvement', 'high');

INSERT INTO agent_goals (agent_id, goal, priority) VALUES ('05188674-63af-476a-b05a-ef374b64979f', 'Optimize departmental performance and efficiency', 'high');

INSERT INTO agent_goals (agent_id, goal, priority) VALUES ('05188674-63af-476a-b05a-ef374b64979f', 'Achieve quarterly KPIs and business objectives', 'high');

INSERT INTO agent_goals (agent_id, goal, priority) VALUES ('05188674-63af-476a-b05a-ef374b64979f', 'Foster innovation and continuous improvement', 'high');

INSERT INTO agent_goals (agent_id, goal, priority) VALUES ('7de0448a-70ae-4e25-864a-04f71bf84c81', 'Optimize departmental performance and efficiency', 'high');

INSERT INTO agent_goals (agent_id, goal, priority) VALUES ('7de0448a-70ae-4e25-864a-04f71bf84c81', 'Achieve quarterly KPIs and business objectives', 'high');

INSERT INTO agent_goals (agent_id, goal, priority) VALUES ('7de0448a-70ae-4e25-864a-04f71bf84c81', 'Foster innovation and continuous improvement', 'high');

INSERT INTO agent_goals (agent_id, goal, priority) VALUES ('9adc64aa-b2e1-492b-91b6-8290a6eff2e9', 'Complete assigned tasks with high quality', 'high');

INSERT INTO agent_goals (agent_id, goal, priority) VALUES ('9adc64aa-b2e1-492b-91b6-8290a6eff2e9', 'Optimize task execution time and resource usage', 'high');

INSERT INTO agent_goals (agent_id, goal, priority) VALUES ('9adc64aa-b2e1-492b-91b6-8290a6eff2e9', 'Contribute to departmental success metrics', 'high');

INSERT INTO agent_goals (agent_id, goal, priority) VALUES ('6d1fb6a0-5a58-47c6-8768-aff935e16f39', 'Complete assigned tasks with high quality', 'high');

INSERT INTO agent_goals (agent_id, goal, priority) VALUES ('6d1fb6a0-5a58-47c6-8768-aff935e16f39', 'Optimize task execution time and resource usage', 'high');

INSERT INTO agent_goals (agent_id, goal, priority) VALUES ('6d1fb6a0-5a58-47c6-8768-aff935e16f39', 'Contribute to departmental success metrics', 'high');

INSERT INTO agent_goals (agent_id, goal, priority) VALUES ('5d6b38c8-b5b6-4354-a312-9ab5a858c7a1', 'Complete assigned tasks with high quality', 'high');

INSERT INTO agent_goals (agent_id, goal, priority) VALUES ('5d6b38c8-b5b6-4354-a312-9ab5a858c7a1', 'Optimize task execution time and resource usage', 'high');

INSERT INTO agent_goals (agent_id, goal, priority) VALUES ('5d6b38c8-b5b6-4354-a312-9ab5a858c7a1', 'Contribute to departmental success metrics', 'high');

INSERT INTO agent_goals (agent_id, goal, priority) VALUES ('ab88bcd7-33ab-4544-b6e8-916b23508a74', 'Complete assigned tasks with high quality', 'high');

INSERT INTO agent_goals (agent_id, goal, priority) VALUES ('ab88bcd7-33ab-4544-b6e8-916b23508a74', 'Optimize task execution time and resource usage', 'high');

INSERT INTO agent_goals (agent_id, goal, priority) VALUES ('ab88bcd7-33ab-4544-b6e8-916b23508a74', 'Contribute to departmental success metrics', 'high');

INSERT INTO agent_goals (agent_id, goal, priority) VALUES ('46d67126-b4e1-40f3-8a73-ae7beaf28ff4', 'Complete assigned tasks with high quality', 'high');

INSERT INTO agent_goals (agent_id, goal, priority) VALUES ('46d67126-b4e1-40f3-8a73-ae7beaf28ff4', 'Optimize task execution time and resource usage', 'high');

INSERT INTO agent_goals (agent_id, goal, priority) VALUES ('46d67126-b4e1-40f3-8a73-ae7beaf28ff4', 'Contribute to departmental success metrics', 'high');

INSERT INTO agent_goals (agent_id, goal, priority) VALUES ('0d5e0a14-d703-4fd4-898e-996e4a52e294', 'Complete assigned tasks with high quality', 'high');

INSERT INTO agent_goals (agent_id, goal, priority) VALUES ('0d5e0a14-d703-4fd4-898e-996e4a52e294', 'Optimize task execution time and resource usage', 'high');

INSERT INTO agent_goals (agent_id, goal, priority) VALUES ('0d5e0a14-d703-4fd4-898e-996e4a52e294', 'Contribute to departmental success metrics', 'high');

INSERT INTO agent_goals (agent_id, goal, priority) VALUES ('5d08e634-cf7d-4f82-a2a9-63d9c64aa9b9', 'Complete assigned tasks with high quality', 'high');

INSERT INTO agent_goals (agent_id, goal, priority) VALUES ('5d08e634-cf7d-4f82-a2a9-63d9c64aa9b9', 'Optimize task execution time and resource usage', 'high');

INSERT INTO agent_goals (agent_id, goal, priority) VALUES ('5d08e634-cf7d-4f82-a2a9-63d9c64aa9b9', 'Contribute to departmental success metrics', 'high');

INSERT INTO agent_goals (agent_id, goal, priority) VALUES ('6da3910e-a5ce-47c8-96e2-9699fe153c1f', 'Complete assigned tasks with high quality', 'high');

INSERT INTO agent_goals (agent_id, goal, priority) VALUES ('6da3910e-a5ce-47c8-96e2-9699fe153c1f', 'Optimize task execution time and resource usage', 'high');

INSERT INTO agent_goals (agent_id, goal, priority) VALUES ('6da3910e-a5ce-47c8-96e2-9699fe153c1f', 'Contribute to departmental success metrics', 'high');

INSERT INTO agent_goals (agent_id, goal, priority) VALUES ('e2f91aef-8ebf-4431-8d3b-21bf89e41b7d', 'Complete assigned tasks with high quality', 'high');

INSERT INTO agent_goals (agent_id, goal, priority) VALUES ('e2f91aef-8ebf-4431-8d3b-21bf89e41b7d', 'Optimize task execution time and resource usage', 'high');

INSERT INTO agent_goals (agent_id, goal, priority) VALUES ('e2f91aef-8ebf-4431-8d3b-21bf89e41b7d', 'Contribute to departmental success metrics', 'high');

INSERT INTO agent_goals (agent_id, goal, priority) VALUES ('7af343c8-02e5-4de8-b169-326ce1ef9c60', 'Complete assigned tasks with high quality', 'high');

INSERT INTO agent_goals (agent_id, goal, priority) VALUES ('7af343c8-02e5-4de8-b169-326ce1ef9c60', 'Optimize task execution time and resource usage', 'high');

INSERT INTO agent_goals (agent_id, goal, priority) VALUES ('7af343c8-02e5-4de8-b169-326ce1ef9c60', 'Contribute to departmental success metrics', 'high');

INSERT INTO agent_goals (agent_id, goal, priority) VALUES ('5798712f-c4b4-4ac8-a9b0-1a278eebf894', 'Complete assigned tasks with high quality', 'high');

INSERT INTO agent_goals (agent_id, goal, priority) VALUES ('5798712f-c4b4-4ac8-a9b0-1a278eebf894', 'Optimize task execution time and resource usage', 'high');

INSERT INTO agent_goals (agent_id, goal, priority) VALUES ('5798712f-c4b4-4ac8-a9b0-1a278eebf894', 'Contribute to departmental success metrics', 'high');

INSERT INTO agent_goals (agent_id, goal, priority) VALUES ('5dd31779-8c6d-452c-aa15-32569c758883', 'Complete assigned tasks with high quality', 'high');

INSERT INTO agent_goals (agent_id, goal, priority) VALUES ('5dd31779-8c6d-452c-aa15-32569c758883', 'Optimize task execution time and resource usage', 'high');

INSERT INTO agent_goals (agent_id, goal, priority) VALUES ('5dd31779-8c6d-452c-aa15-32569c758883', 'Contribute to departmental success metrics', 'high');

INSERT INTO agent_goals (agent_id, goal, priority) VALUES ('aeaa8ad0-53a2-489c-93ad-d31d350c078b', 'Complete assigned tasks with high quality', 'high');

INSERT INTO agent_goals (agent_id, goal, priority) VALUES ('aeaa8ad0-53a2-489c-93ad-d31d350c078b', 'Optimize task execution time and resource usage', 'high');

INSERT INTO agent_goals (agent_id, goal, priority) VALUES ('aeaa8ad0-53a2-489c-93ad-d31d350c078b', 'Contribute to departmental success metrics', 'high');

INSERT INTO agent_goals (agent_id, goal, priority) VALUES ('0ed609c8-efe7-46af-9fc7-9938abc35b3e', 'Complete assigned tasks with high quality', 'high');

INSERT INTO agent_goals (agent_id, goal, priority) VALUES ('0ed609c8-efe7-46af-9fc7-9938abc35b3e', 'Optimize task execution time and resource usage', 'high');

INSERT INTO agent_goals (agent_id, goal, priority) VALUES ('0ed609c8-efe7-46af-9fc7-9938abc35b3e', 'Contribute to departmental success metrics', 'high');

INSERT INTO agent_goals (agent_id, goal, priority) VALUES ('e18f66d5-ef52-4a6e-aea6-7e693148552b', 'Complete assigned tasks with high quality', 'high');

INSERT INTO agent_goals (agent_id, goal, priority) VALUES ('e18f66d5-ef52-4a6e-aea6-7e693148552b', 'Optimize task execution time and resource usage', 'high');

INSERT INTO agent_goals (agent_id, goal, priority) VALUES ('e18f66d5-ef52-4a6e-aea6-7e693148552b', 'Contribute to departmental success metrics', 'high');

INSERT INTO agent_goals (agent_id, goal, priority) VALUES ('4f93b651-6a2f-440a-a81a-43a3d8083cbe', 'Complete assigned tasks with high quality', 'high');

INSERT INTO agent_goals (agent_id, goal, priority) VALUES ('4f93b651-6a2f-440a-a81a-43a3d8083cbe', 'Optimize task execution time and resource usage', 'high');

INSERT INTO agent_goals (agent_id, goal, priority) VALUES ('4f93b651-6a2f-440a-a81a-43a3d8083cbe', 'Contribute to departmental success metrics', 'high');

INSERT INTO agent_goals (agent_id, goal, priority) VALUES ('6525191e-7652-415c-a5f2-5ff7a9fe5f22', 'Complete assigned tasks with high quality', 'high');

INSERT INTO agent_goals (agent_id, goal, priority) VALUES ('6525191e-7652-415c-a5f2-5ff7a9fe5f22', 'Optimize task execution time and resource usage', 'high');

INSERT INTO agent_goals (agent_id, goal, priority) VALUES ('6525191e-7652-415c-a5f2-5ff7a9fe5f22', 'Contribute to departmental success metrics', 'high');

INSERT INTO agent_goals (agent_id, goal, priority) VALUES ('f53551f4-d825-40f0-bd3c-68686ec5e2ff', 'Complete assigned tasks with high quality', 'high');

INSERT INTO agent_goals (agent_id, goal, priority) VALUES ('f53551f4-d825-40f0-bd3c-68686ec5e2ff', 'Optimize task execution time and resource usage', 'high');

INSERT INTO agent_goals (agent_id, goal, priority) VALUES ('f53551f4-d825-40f0-bd3c-68686ec5e2ff', 'Contribute to departmental success metrics', 'high');

INSERT INTO agent_goals (agent_id, goal, priority) VALUES ('46240834-f320-42cd-8156-f2fa7ea7c990', 'Complete assigned tasks with high quality', 'high');

COMMIT;